{"cameraMode":{"drawMode":0,"name":"Shaded","section":"Shading Mode"},"sceneLighting":true,"audioPlay":false,"sceneViewState":{"m_AlwaysRefresh":false,"showFog":true,"showSkybox":true,"showFlares":true,"showImageEffects":true,"showParticleSystems":true,"showVisualEffectGraphs":true,"m_FxEnabled":true},"in2DMode":false,"pivot":{"x":8.992533683776856,"y":-6.000354766845703,"z":0.9299454689025879},"rotation":{"x":-0.24817247688770295,"y":-0.01104696560651064,"z":0.002829799195751548,"w":-0.9686501026153565},"size":51.02710723876953,"orthographic":false}